City_ID,City,Lat,Lng,Max Temp,Humidity,Cloudiness,Wind Speed,Country,Date
0,bairnsdale,-37.8333,147.6167,8.36,95,100,1.04,AU,1685740746
1,edinburgh of the seven seas,-37.0676,-12.3116,13.89,66,73,7.09,SH,1685740747
2,kahla,50.8,11.5833,13.3,73,67,2.58,DE,1685740747
3,bilibino,68.0546,166.4372,7.4,44,98,5.85,RU,1685740748
4,port lincoln,-34.7333,135.8667,15.13,57,100,2.4,AU,1685740748
5,puerto ayora,-0.7393,-90.3518,28.98,88,80,4.02,EC,1685740748
6,tarakan,3.3,117.6333,26.72,94,40,1.03,ID,1685740749
7,jamestown,42.097,-79.2353,29.77,34,0,6.17,US,1685740487
8,cidreira,-30.1811,-50.2056,19.49,79,0,4.98,BR,1685740749
9,taksimo,56.3444,114.8794,10.84,76,91,0.73,RU,1685740750
10,portland,45.5234,-122.6762,25.29,42,20,2.57,US,1685740707
11,limassol,34.675,33.0333,22.04,78,0,2.57,CY,1685740751
12,bredasdorp,-34.5322,20.0403,13.39,63,33,3.87,ZA,1685740751
13,brazzaville,-4.2658,15.2832,24.35,86,18,2.12,CG,1685740751
14,guerrero negro,27.9769,-114.0611,19.83,59,2,9.09,MX,1685740752
15,nuuk,64.1835,-51.7216,4.34,75,20,6.17,GL,1685740752
16,waitangi,-43.9535,-176.5597,11.57,85,0,6.91,NZ,1685740753
17,papatowai,-46.5619,169.4708,8.12,81,73,5.19,NZ,1685740753
18,puerto natales,-51.7236,-72.4875,1.67,94,2,1.6,CL,1685740753
19,rongelap,11.1635,166.8941,27.24,83,100,6.81,MH,1685740754
20,lebu,-37.6167,-73.65,13.12,84,20,7.3,CL,1685740754
21,adamstown,-25.066,-130.1015,23.66,83,82,6.47,PN,1685740755
22,tam ky,15.5667,108.4833,25.28,88,34,2.01,VN,1685740755
23,olonkinbyen,70.9221,-8.7187,-0.18,89,100,6.19,SJ,1685740755
24,ciutadella,40.0011,3.8414,18.45,79,2,2.47,ES,1685740756
25,avarua,-21.2078,-159.775,24.03,64,75,2.57,CK,1685740756
26,port-aux-francais,-49.35,70.2167,4.86,80,43,14.16,TF,1685740757
27,ciudad lazaro cardenas,17.9583,-102.2,30.76,51,0,5.38,MX,1685740757
28,enewetak,11.3474,162.3373,27.51,82,100,6.66,MH,1685740757
29,mulayjah,27.271,48.4242,31.95,16,22,5.91,SA,1685740758
30,bethel,41.3712,-73.414,26.99,79,20,1.54,US,1685740662
31,egilsstadir,65.2653,-14.3948,10.95,82,75,1.03,IS,1685740758
32,fort bragg,35.139,-79.006,28.05,56,62,3.58,US,1685740349
33,richards bay,-28.783,32.0377,16.46,85,88,3.5,ZA,1685740759
34,digri,25.1558,69.1113,30.5,67,94,7.45,PK,1685740759
35,tokar,18.4254,37.729,31.88,52,12,3.52,SD,1685740760
36,saipan,15.1355,145.701,28.39,100,40,6.17,MP,1685740760
37,grytviken,-54.2811,-36.5092,1.7,90,41,1.66,GS,1685740761
38,udachny,66.4167,112.4,11.92,71,100,7.7,RU,1685740762
39,bamboo flat,11.7,92.7167,27.9,77,100,6.93,IN,1685740762
40,lompoc,34.6391,-120.4579,24.83,72,3,8.05,US,1685740762
41,qaqortoq,60.7167,-46.0333,3.1,98,100,0.46,GL,1685740763
42,mahomet,40.1953,-88.4042,34.08,21,4,3.13,US,1685740764
43,bandarbeyla,9.4942,50.8122,27.83,82,80,8.58,SO,1685740765
44,hawaiian paradise park,19.5933,-154.9731,26.73,75,40,3.6,US,1685740765
45,arraial do cabo,-22.9661,-42.0278,21.92,88,20,5.14,BR,1685740766
46,blackmans bay,-43.0167,147.3167,8.62,84,100,1.73,AU,1685740766
47,kununurra,-15.7667,128.7333,14.99,88,6,0.0,AU,1685740767
48,orange walk,17.8333,-88.8333,39.46,24,27,3.8,BZ,1685740767
49,ghat,24.9647,10.1728,31.4,11,3,1.1,LY,1685740768
50,ancud,-41.8697,-73.8203,11.28,85,100,12.47,CL,1685740768
51,ushuaia,-54.8,-68.3,7.81,76,75,1.03,AR,1685740768
52,muynoq,43.7683,59.0214,22.88,51,100,3.82,UZ,1685740769
53,midvagur,62.0511,-7.1939,8.46,100,20,4.63,FO,1685740769
54,yellowknife,62.456,-114.3525,20.31,19,20,6.17,CA,1685740770
55,baicheng,45.6167,122.8167,14.2,61,19,2.8,CN,1685740770
56,suva,-18.1416,178.4415,24.71,94,75,4.12,FJ,1685740568
57,kibakwe,-6.7167,36.3667,16.47,92,2,1.85,TZ,1685740771
58,harstad,68.799,16.5293,5.66,97,100,14.75,NO,1685740771
59,fallon,39.4735,-118.7774,24.14,27,40,2.06,US,1685740772
60,tezu,27.9167,96.1667,26.31,52,15,1.89,IN,1685740772
61,masterton,-40.9597,175.6575,9.94,77,3,1.2,NZ,1685740773
62,menongue,-14.6585,17.691,19.76,42,44,0.38,AO,1685740773
63,papao,-17.75,-149.55,26.82,63,60,2.11,PF,1685740773
64,kodiak,57.79,-152.4072,10.73,71,0,4.63,US,1685740774
65,caleta de carquin,-11.0925,-77.6267,22.29,74,78,4.31,PE,1685740774
66,iqaluit,63.7506,-68.5145,2.85,69,100,2.06,CA,1685740775
67,la junta,37.985,-103.5438,27.81,42,40,3.6,US,1685740775
68,codrington,-38.2667,141.9667,11.02,94,100,1.1,AU,1685740775
69,port elizabeth,-33.918,25.5701,15.16,75,0,3.6,ZA,1685740776
70,vadso,70.0744,29.7487,5.49,70,75,3.09,NO,1685740776
71,brookings,44.3114,-96.7984,30.06,68,40,7.72,US,1685740628
72,port mathurin,-19.6833,63.4167,25.02,62,2,10.02,MU,1685740777
73,la ronge,55.1001,-105.2842,19.14,72,100,3.09,CA,1685740777
74,phetchabun,16.25,101.0833,26.95,69,40,0.6,TH,1685740778
75,st. john's,47.5649,-52.7093,7.72,97,100,5.14,CA,1685740649
76,iskateley,67.6803,53.1512,6.78,81,71,2.88,RU,1685740779
77,stanley,54.868,-1.6985,9.18,88,0,1.03,GB,1685740779
78,thompson,55.7435,-97.8558,26.09,47,75,1.03,CA,1685740779
79,kirkwall,58.9848,-2.9587,8.03,87,0,2.57,GB,1685740780
80,takaungu,-3.6837,39.8566,24.4,89,11,4.42,KE,1685740780
81,keflavik,64.0049,-22.5624,10.95,76,100,3.09,IS,1685740781
82,sisimiut,66.9395,-53.6735,1.08,65,7,2.6,GL,1685740781
83,pushkinskiye gory,57.0209,28.9103,5.77,66,73,2.7,RU,1685740781
84,whitehorse,60.7161,-135.0538,16.72,32,75,7.2,CA,1685740782
85,atafu village,-8.5421,-172.5159,28.57,72,90,3.35,TK,1685740783
86,plastun,44.7561,136.2939,10.43,83,100,0.66,RU,1685740783
87,badger,64.8,-147.5333,5.95,86,100,3.6,US,1685740783
88,college,64.8569,-147.8028,5.99,86,100,3.6,US,1685740784
89,george town,5.4112,100.3354,28.96,79,20,0.0,MY,1685740286
90,albany,42.6001,-73.9662,27.23,90,73,1.28,US,1685740368
91,vaxjo,56.8777,14.8091,10.03,77,100,4.12,SE,1685740785
92,wailua homesteads,22.0669,-159.378,27.24,75,40,6.17,US,1685740786
93,murray bridge,-35.1167,139.2667,16.3,78,99,2.62,AU,1685740786
94,ostersund,63.1792,14.6357,5.25,42,100,4.12,SE,1685740608
95,new norfolk,-42.7826,147.0587,9.28,79,100,0.45,AU,1685740787
96,tchintabaraden,15.8969,5.7985,35.37,24,91,4.2,NE,1685740787
97,kone,-21.0595,164.8658,21.72,76,1,2.45,NC,1685740788
98,uray,60.1247,64.7758,16.18,68,100,2.44,RU,1685740788
99,hermanus,-34.4187,19.2345,16.0,69,24,9.92,ZA,1685740789
100,tiksi,71.6872,128.8694,2.77,91,53,0.6,RU,1685740789
101,phang nga,8.4509,98.5298,28.02,94,99,1.26,TH,1685740535
102,ilulissat,69.2167,-51.1,-0.99,80,75,4.63,GL,1685740387
103,kurumkan,54.3,110.3,11.16,62,100,0.22,RU,1685740790
104,trikala,39.5553,21.7675,18.02,52,88,0.78,GR,1685740791
105,invercargill,-46.4,168.35,8.58,75,97,5.33,NZ,1685740791
106,happy valley-goose bay,53.3168,-60.3315,5.17,65,75,7.2,CA,1685740792
107,kapa'a,22.0752,-159.319,27.99,75,40,6.17,US,1685740792
108,zarumilla,-3.5031,-80.2731,30.1,70,40,4.63,PE,1685740792
109,tolanaro,-25.0319,46.9987,19.8,86,40,5.31,MG,1685740793
110,laojunmiao,39.8333,97.7333,13.36,26,99,3.88,CN,1685740793
111,tieling,42.2931,123.8414,13.76,49,54,0.81,CN,1685740794
112,lerwick,60.1545,-1.1494,9.0,80,1,3.08,GB,1685740794
113,korsakov,46.6328,142.7813,6.91,86,100,6.24,RU,1685740794
114,aasiaat,68.7098,-52.8699,-0.64,75,91,3.8,GL,1685740795
115,ola,59.5833,151.2833,10.29,66,35,1.24,RU,1685740795
116,tazacorte,28.629,-17.9293,22.54,86,75,1.54,ES,1685740796
117,colonia,50.9333,6.95,16.06,59,0,1.03,DE,1685740796
118,sao jose de ribamar,-2.5619,-44.0542,26.21,85,3,4.16,BR,1685740796
119,fale old settlement,-9.3852,-171.2468,28.33,75,52,2.15,TK,1685740797
120,auki,-8.7676,160.7034,27.2,82,97,1.59,SB,1685740797
121,fuglafjordur,62.244,-6.814,8.26,92,86,3.84,FO,1685740797
122,utrik,11.2278,169.8474,27.27,81,99,5.57,MH,1685740798
123,quibdo,5.6947,-76.6611,30.07,71,96,0.8,CO,1685740798
124,pingliang,35.5392,106.6861,13.42,73,100,1.05,CN,1685740799
125,tibanbang,6.6315,126.1055,27.81,80,100,1.55,PH,1685740799
126,isafjordur,66.0755,-23.124,9.89,82,97,4.65,IS,1685740799
127,carnarvon,-24.8667,113.6333,15.71,56,0,7.61,AU,1685740800
128,riyadh,24.6877,46.7219,30.08,11,58,5.77,SA,1685740801
129,ust-nera,64.5667,143.2,14.54,64,9,1.99,RU,1685740801
130,waddan,29.1614,16.139,26.23,34,25,8.49,LY,1685740801
131,terek,43.4833,44.1361,18.12,88,24,0.1,RU,1685740802
132,labytnangi,66.6572,66.4183,11.68,70,6,3.2,RU,1685740803
133,vilyuchinsk,52.9306,158.4028,6.15,91,100,1.48,RU,1685740803
134,fauske,67.2588,15.3918,6.02,97,100,3.05,NO,1685740804
135,dudinka,69.4058,86.1778,6.7,90,100,11.14,RU,1685740804
136,nanding,36.7483,118.0558,20.61,27,96,1.84,CN,1685740805
137,kupang,-10.1667,123.5833,24.32,88,20,3.6,ID,1685740805
138,san patricio,28.017,-97.5169,32.87,50,35,6.12,US,1685740806
139,lorengau,-2.0226,147.2712,26.56,85,100,4.45,PG,1685740806
140,arno,60.1167,18.6333,8.21,56,11,2.92,SE,1685740807
141,georgetown,5.4112,100.3354,28.96,85,40,1.54,MY,1685740783
142,petropavlovsk-kamchatsky,53.0452,158.6483,5.33,87,75,1.0,RU,1685740807
143,sitka,57.0531,-135.33,12.94,67,100,4.12,US,1685740808
144,saudarkrokur,65.7461,-19.6394,12.72,70,75,2.93,IS,1685740808
145,staraya kulatka,52.7167,47.6167,15.67,76,100,2.94,RU,1685740809
146,naze,28.3667,129.4833,22.51,81,3,6.51,JP,1685740809
147,chonchi,-42.6128,-73.8092,10.56,89,100,6.11,CL,1685740646
148,tazovsky,67.4667,78.7,7.18,83,6,7.21,RU,1685740810
149,honggang,46.4667,124.8667,13.39,71,45,4.21,CN,1685740810
150,selkirk,50.1436,-96.8845,31.73,49,98,1.79,CA,1685740560
151,badagry,6.4167,2.8833,26.96,81,100,5.62,NG,1685740811
152,luderitz,-26.6481,15.1594,12.12,86,84,4.51,NA,1685740812
153,naliya,23.2667,68.8333,28.37,83,50,6.56,IN,1685740757
154,kimbe,-5.5502,150.1429,24.44,93,100,0.78,PG,1685740813
155,betafo,-19.8333,46.85,10.63,90,2,2.21,MG,1685740813
156,anadyr,64.75,177.4833,9.28,46,0,3.0,RU,1685740814
157,tari,12.4086,4.4914,26.24,65,100,9.13,NG,1685740814
158,bangar,16.8936,120.4243,26.17,84,100,2.1,PH,1685740814
159,balsas,-7.5325,-46.0356,29.22,44,53,2.08,BR,1685740815
160,talnakh,69.4865,88.3972,4.99,97,100,6.32,RU,1685740815
161,okha,53.5739,142.9478,1.84,98,100,4.71,RU,1685740816
162,bonthe,7.5264,-12.505,26.11,88,100,3.33,SL,1685740816
163,tromso,69.6496,18.957,7.01,70,75,6.17,NO,1685740817
164,akureyri,65.6835,-18.0878,13.96,58,75,2.06,IS,1685740817
165,pangody,65.85,74.4859,11.71,65,5,3.97,RU,1685740818
166,sola,-13.8833,167.55,28.37,84,75,1.54,VU,1685740818
167,hami,42.8,93.45,20.24,23,71,7.4,CN,1685740819
168,tura,25.5198,90.2201,24.9,76,4,2.64,IN,1685740761
169,yanchep,-31.55,115.6833,9.23,69,0,2.8,AU,1685740819
170,fisterra,42.9049,-9.2629,18.75,83,8,2.83,ES,1685740820
171,minas de marcona,-15.2119,-75.1103,18.79,59,0,4.36,PE,1685740820
172,zhosaly,45.4878,64.0781,26.8,15,100,4.83,KZ,1685740821
173,antonio enes,-16.2325,39.9086,23.95,84,1,3.64,MZ,1685740821
174,san antonio de pale,-1.4014,5.6325,26.03,89,95,5.28,GQ,1685740822
175,neelankarai,12.9455,80.2575,31.13,70,40,2.06,IN,1685740822
176,uturoa,-16.7333,-151.4333,25.21,60,61,3.29,PF,1685740822
177,bathsheba,13.2167,-59.5167,27.34,89,40,3.6,BB,1685740823
178,east london,-33.0153,27.9116,19.48,41,92,3.4,ZA,1685740823
179,longyearbyen,78.2186,15.6401,0.91,60,0,2.06,SJ,1685740824
180,vilyuysk,63.7553,121.6247,12.14,58,1,2.45,RU,1685740824
181,puente alto,-33.6167,-70.5833,19.41,55,11,3.09,CL,1685740628
182,mount gambier,-37.8333,140.7667,10.42,96,100,2.05,AU,1685740825
183,hamilton,39.1834,-84.5333,33.47,29,0,3.6,US,1685740591
184,vikhorevka,56.1201,101.1636,15.77,80,100,2.34,RU,1685740826
185,el malah,35.3914,-1.0924,18.04,69,98,2.54,DZ,1685740826
186,celestun,20.8667,-90.4,29.11,63,0,6.02,MX,1685740826
187,gadzhiyevo,69.2551,33.3362,3.69,66,100,0.6,RU,1685740827
188,krymsk,44.9293,37.9912,15.41,91,0,0.14,RU,1685740827
189,sirte,31.2089,16.5887,21.0,77,15,6.55,LY,1685740828
190,paracale,14.2804,122.7881,25.65,92,100,2.25,PH,1685740828
191,iwanai,42.9744,140.5089,13.85,99,85,1.83,JP,1685740828
192,punta arenas,-53.15,-70.9167,5.06,87,40,3.6,CL,1685740829
193,barranca,-10.75,-77.7667,22.22,73,96,4.22,PE,1685740807
194,west island,-12.1568,96.8225,26.99,83,40,7.72,CC,1685740830
195,buchanan,5.8808,-10.0467,25.83,86,100,3.03,LR,1685740669
196,saint-pierre,-21.3393,55.4781,21.82,46,0,4.12,RE,1685740705
197,port saint john's,-31.6229,29.5448,17.47,67,98,3.14,ZA,1685740831
198,paita,-5.0892,-81.1144,25.41,76,27,7.13,PE,1685740832
199,pionerskiy,54.9508,20.2275,8.91,63,6,7.4,RU,1685740832
200,constantia,44.1833,28.65,16.5,66,83,4.14,RO,1685740537
201,port augusta,-32.5,137.7667,13.98,40,47,2.19,AU,1685740833
202,mariental,-24.6333,17.9667,15.2,35,95,4.74,NA,1685740834
203,darhan,49.4867,105.9228,9.39,78,6,0.87,MN,1685740834
204,vorgashor,67.5833,63.95,9.64,74,8,3.16,RU,1685740835
205,tulun,54.5611,100.5792,11.9,81,100,1.63,RU,1685740836
206,remire-montjoly,4.9167,-52.2667,25.02,94,75,1.03,GF,1685740837
207,lazaro cardenas,17.9583,-102.2,30.76,51,0,5.38,MX,1685740757
208,petauke,-14.2426,31.3253,16.86,47,1,2.56,ZM,1685740837
209,petrozavodsk,61.7849,34.3469,4.71,86,88,3.0,RU,1685740677
210,olyokminsk,60.3736,120.4264,13.26,51,12,0.14,RU,1685740838
211,ubari,26.5921,12.7805,30.39,19,10,4.82,LY,1685740838
212,phan thiet,10.9333,108.1,26.39,84,50,3.0,VN,1685740839
213,vila franca do campo,37.7167,-25.4333,19.23,85,24,3.09,PT,1685740839
214,cuttack,20.465,85.8793,29.1,81,1,2.76,IN,1685740704
215,kerikeri,-35.2268,173.9474,11.89,90,5,2.12,NZ,1685740840
216,nadym,65.5333,72.5167,15.09,58,95,3.58,RU,1685740840
217,westport,41.1415,-73.3579,27.69,76,0,3.6,US,1685740841
218,bikenibeu village,1.3673,173.1241,30.98,74,20,3.09,KI,1685740841
219,porto novo,6.4965,2.6036,26.9,80,100,4.67,BJ,1685740585
220,kilju,40.9642,129.3278,13.76,61,0,2.52,KP,1685740842
221,hasaki,35.7333,140.8333,21.23,97,100,8.64,JP,1685740843
222,sayat,38.7839,63.8803,22.93,10,74,3.62,TM,1685740843
223,kailua-kona,19.6406,-155.9956,26.98,86,75,5.66,US,1685740844
224,ormara,25.2088,64.6357,28.16,89,0,5.32,PK,1685740844
225,sen monorom,12.45,107.2,21.35,96,68,2.14,KH,1685740845
226,bubaque,11.2833,-15.8333,27.06,80,100,7.7,GW,1685740845
227,talara,-4.5772,-81.2719,29.42,65,0,4.12,PE,1685740846
228,kenora,49.8167,-94.4337,30.54,48,75,4.47,CA,1685740579
229,port alfred,-33.5906,26.891,18.48,50,97,3.91,ZA,1685740846
230,dinguiraye,11.3,-10.7167,30.1,47,86,1.26,GN,1685740847
231,ambalangoda,6.2355,80.0538,26.47,87,100,3.9,LK,1685740847
232,dabai,11.4765,5.2063,22.23,85,100,5.73,NG,1685740848
233,keokuk,40.3973,-91.3849,33.38,54,0,2.57,US,1685740848
234,san luis de la loma,17.2706,-100.8939,31.81,51,2,4.92,MX,1685740848
235,la passe,45.5549,-0.8967,23.13,75,32,5.7,FR,1685740849
236,kingston,17.997,-76.7936,26.78,88,100,2.06,JM,1685740582
237,tandlianwala,31.0333,73.1333,26.61,47,2,1.58,PK,1685740850
238,san juan de miraflores,-12.1629,-76.9635,24.54,68,87,4.06,PE,1685740850
239,mangrol,21.1167,70.1167,28.31,85,17,5.46,IN,1685740850
240,tyukhtet,56.5389,89.3011,15.29,80,100,2.9,RU,1685740851
241,maragogi,-9.0122,-35.2225,25.72,81,85,4.13,BR,1685740851
242,mazamari,-11.3258,-74.5308,29.97,44,13,0.31,PE,1685740852
243,al jawf,29.5,38.75,27.6,34,100,5.6,SA,1685740852
244,tralee,52.2704,-9.7026,14.48,90,9,0.99,IE,1685740852
245,kegen,43.0197,79.2203,9.83,64,100,1.41,KZ,1685740853
246,kavarna,43.4333,28.3333,16.82,69,71,3.17,BG,1685740853
247,riberalta,-10.9833,-66.1,30.11,62,40,4.63,BO,1685740853
248,sippy downs,-26.7159,153.053,15.39,99,44,0.45,AU,1685740854
249,charters towers,-20.1,146.2667,15.12,85,46,2.84,AU,1685740854
250,levuka,50.1834,-105.4011,18.84,94,100,3.6,CA,1685740855
251,loushanguan,28.1375,106.82,20.94,99,100,1.0,CN,1685740855
252,tarawa,1.419,172.984,31.05,74,20,3.09,KI,1685740855
253,hithadhoo,-0.6,73.0833,27.36,75,100,2.65,MV,1685740856
254,nazarovo,56.0064,90.3914,16.39,78,100,3.96,RU,1685740856
255,falaise,48.8922,-0.1953,11.51,96,6,3.92,FR,1685740857
256,sinabang,2.4803,96.3801,26.67,83,100,1.57,ID,1685740857
257,puerto baquerizo moreno,-0.9,-89.6,27.55,78,75,4.12,EC,1685740858
258,srirampur,22.9489,88.0189,28.62,82,4,4.53,IN,1685740858
259,margaret river,-33.95,115.0667,11.03,78,61,3.36,AU,1685740859
260,primero de mayo,-32.2552,-58.4228,21.42,62,98,5.06,AR,1685740859
261,kayenta,36.7278,-110.2546,22.77,24,100,9.36,US,1685740860
262,song cau,13.45,109.2167,26.51,84,96,2.92,VN,1685740860
263,khandyga,62.6667,135.6,15.62,60,76,1.88,RU,1685740860
264,saldanha,-33.0117,17.9442,13.03,89,100,13.46,ZA,1685740861
265,bridgewater,44.3835,-64.5155,15.06,84,73,3.6,CA,1685740862
266,lauro de freitas,-12.8944,-38.3272,26.01,83,75,4.12,BR,1685740862
267,flin flon,54.7682,-101.865,20.91,73,75,3.09,CA,1685740862
268,nova sintra,14.8667,-24.7167,20.8,81,26,6.95,CV,1685740863
269,luocheng,29.3848,104.0286,18.0,86,100,1.33,CN,1685740863
270,nabire,-3.3667,135.4833,24.61,91,56,1.36,ID,1685740864
271,shendi,16.6915,33.4341,34.97,26,40,3.4,SD,1685740864
272,grand falls-windsor,48.9332,-55.6649,2.5,88,100,2.68,CA,1685740865
273,beboto,8.2668,16.939,25.97,71,100,0.98,TD,1685740865
274,el vigia,8.6219,-71.6506,30.82,68,100,1.42,VE,1685740865
275,lihue,21.9789,-159.3672,27.58,70,40,6.17,US,1685740866
276,inongo,-1.95,18.2667,21.74,88,49,1.87,CD,1685740866
277,usinsk,65.9939,57.5281,12.78,80,96,3.79,RU,1685740867
278,boa vista,2.8197,-60.6733,31.99,48,20,4.12,BR,1685740867
279,gaspe,48.8334,-64.4819,7.12,93,100,3.6,CA,1685740868
280,bere,9.3202,16.1552,28.68,58,97,1.01,TD,1685740868
281,bilovods'k,49.2085,39.5897,15.68,66,2,1.87,UA,1685740868
282,peace river,56.2501,-117.286,23.17,28,20,1.54,CA,1685740574
283,anton lizardo,19.05,-95.9833,31.12,75,11,5.19,MX,1685740869
284,constitucion,-35.3333,-72.4167,14.04,85,92,2.8,CL,1685740870
285,maceio,-9.6658,-35.7353,26.69,83,40,2.57,BR,1685740810
286,thika,-1.0333,37.0693,19.06,81,95,0.75,KE,1685740870
287,vertientes,21.2594,-78.1464,26.34,80,100,2.81,CU,1685740871
288,zaozersk,69.4005,32.4476,2.84,74,92,0.45,RU,1685740871
289,cooma,-36.2333,149.1333,8.11,89,100,1.13,AU,1685740765
290,pacasmayo,-7.4006,-79.5714,24.53,75,31,6.23,PE,1685740872
291,kirakira,-10.4544,161.9205,27.17,84,79,2.72,SB,1685740873
292,ribeira grande,38.5167,-28.7,19.22,82,20,3.6,PT,1685740873
293,dikhil,11.5,42.1667,28.34,49,100,1.11,DJ,1685740873
294,miquelon,47.0975,-56.3814,13.0,89,90,8.69,PM,1685740874
295,polyarnyy,69.1989,33.4478,3.78,66,100,0.79,RU,1685740874
296,onega,63.9061,38.1404,4.81,65,50,0.2,RU,1685740875
297,dakhla,23.6848,-15.958,20.59,84,1,4.72,EH,1685740875
298,kisangani,0.5167,25.2,21.91,98,94,0.65,CD,1685740876
299,huarmey,-10.0681,-78.1522,23.72,73,92,4.52,PE,1685740876
300,lionel town,17.8101,-77.2406,26.94,84,100,1.67,JM,1685740876
301,vorkuta,67.5,64.0,9.87,74,8,3.23,RU,1685740877
302,el porvenir,13.7617,-87.3458,31.63,55,40,2.2,HN,1685740878
303,hiratacho,35.4333,132.8167,18.01,86,37,2.95,JP,1685740879
304,rexburg,43.826,-111.7897,19.99,49,75,3.6,US,1685740640
305,winslow,35.0242,-110.6974,25.1,22,75,5.14,US,1685740880
306,nadi,-17.8,177.4167,24.0,88,75,1.54,FJ,1685740880
307,pahrump,36.2083,-115.9839,33.03,17,2,3.58,US,1685740881
308,tobelo,1.7284,128.0095,26.62,85,72,0.77,ID,1685740882
309,kavaratti,10.5669,72.642,29.34,75,61,2.82,IN,1685740757
310,coquimbo,-29.9533,-71.3436,15.85,88,75,6.17,CL,1685740504
311,stornoway,58.2093,-6.3865,10.05,82,40,3.6,GB,1685740883
312,pakokku,21.3333,95.1,29.63,62,100,3.94,MM,1685740884
313,aniva,46.7144,142.5294,7.06,86,100,6.11,RU,1685740884
314,hilo,19.7297,-155.09,27.93,78,40,3.6,US,1685740646
315,tsiombe,-25.3,45.4833,19.77,65,56,2.58,MG,1685740885
316,tres arroyos,-38.3739,-60.2798,15.31,94,100,2.33,AR,1685740674
317,belmonte,-15.8631,-38.8828,24.34,76,3,6.52,BR,1685740886
318,hobyo,5.3505,48.5268,27.85,84,36,9.68,SO,1685740886
319,island harbour,50.724,-1.2758,14.06,87,0,0.45,GB,1685740886
320,ugoofaaru,5.6667,73.0,27.12,85,100,9.96,MV,1685740887
321,alofi,-19.0595,-169.9187,23.94,94,43,4.12,NU,1685740888
322,nar'yan-mar,67.6713,53.087,6.96,81,70,2.87,RU,1685740888
323,tutong,4.8,114.65,27.05,88,100,1.32,BN,1685740889
324,konde,-4.95,39.75,24.12,90,43,3.54,TZ,1685740889
325,koutiala,12.3917,-5.4642,29.96,53,87,8.12,ML,1685740890
326,kabompo,-13.5927,24.2008,17.92,42,5,2.57,ZM,1685740890
327,port macquarie,-31.4333,152.9167,11.05,91,89,3.33,AU,1685740891
328,mossel bay,-34.1831,22.146,15.96,55,83,4.64,ZA,1685740891
329,ostrov,57.3439,28.3537,4.85,71,77,2.64,RU,1685740891
330,ta`u,-14.2336,-169.5144,26.84,72,76,6.15,AS,1685740892
331,fada,9.5667,8.3,23.0,87,83,1.26,NG,1685740892
332,ixtapa,20.7,-105.2,29.57,65,0,4.63,MX,1685740818
333,cide,41.8921,33.0044,18.75,82,100,3.9,TR,1685740893
334,kalmunai,7.4167,81.8167,26.67,82,99,4.28,LK,1685740893
335,progreso,21.2833,-89.6667,32.84,61,0,6.12,MX,1685740789
336,dryden,49.7833,-92.7503,23.16,68,100,6.69,CA,1685740894
337,saint-philippe,-21.3585,55.7679,21.77,66,41,5.51,RE,1685740895
338,baiti,13.745,-14.7482,36.0,18,44,2.76,SN,1685740895
339,cockburn town,21.4612,-71.1419,26.89,80,100,1.99,TC,1685740895
340,geraldton,-28.7667,114.6,7.23,93,0,3.6,AU,1685740896
341,polovinnoye,54.7914,65.9864,23.31,32,99,4.85,RU,1685740896
342,yangjiang,21.85,111.9667,26.54,93,13,1.04,CN,1685740845
343,pass christian,30.3158,-89.2475,32.29,60,0,2.57,US,1685740897
344,queenstown,-31.8976,26.8753,10.73,49,100,3.38,ZA,1685740897
345,canutama,-6.5339,-64.3831,26.73,89,72,1.2,BR,1685740898
346,koppies,-27.2418,27.5742,10.46,35,70,2.06,ZA,1685740898
347,lethem,3.3803,-59.7968,30.85,56,97,1.18,GY,1685740899
348,surab,28.4914,66.2585,21.74,24,0,3.04,PK,1685740899
349,san fernando,15.0286,120.6898,26.85,88,100,0.7,PH,1685740900
350,aykhal,66.0,111.5,11.13,90,100,8.5,RU,1685740900
351,leeton,-34.5667,146.4,12.27,85,93,2.64,AU,1685740901
352,turpan,42.9333,89.1667,25.57,15,84,1.56,CN,1685740901
353,plettenberg bay,-34.0527,23.3716,19.57,41,99,4.03,ZA,1685740902
354,taroa,8.7058,171.2275,28.03,80,52,6.68,MH,1685740877
355,mount isa,-20.7333,139.5,11.87,82,100,0.0,AU,1685740903
356,natal,-5.795,-35.2094,27.36,83,20,6.17,BR,1685740903
357,namtsy,62.7161,129.6658,13.21,44,11,4.55,RU,1685740905
358,eugene,44.0521,-123.0867,24.1,46,20,2.57,US,1685740192
359,pandan,14.0453,124.1694,26.98,86,100,1.96,PH,1685740905
360,kiunga,-6.1219,141.2906,22.35,99,92,1.55,PG,1685740906
361,vodnyy,63.5046,53.4095,12.58,77,89,1.29,RU,1685740906
362,nagqu,31.5,92.0,4.06,68,81,3.97,CN,1685740907
363,greenland,43.0362,-70.8328,26.19,63,100,3.6,US,1685740907
364,laguna,38.421,-121.4238,30.73,40,0,4.12,US,1685740907
365,yoichi,43.2039,140.7703,13.18,97,95,3.21,JP,1685740908
366,shingu,33.7333,135.9833,17.2,94,100,3.03,JP,1685740908
367,nemuro,43.3236,145.575,8.9,98,95,4.2,JP,1685740909
368,ngaoundere,7.3167,13.5833,19.59,89,88,1.5,CM,1685740909
369,flying fish cove,-10.4217,105.6791,25.82,88,100,5.14,CX,1685740909
370,nelson bay,-32.7167,152.15,14.44,97,96,1.79,AU,1685740803
371,aswan,24.0934,32.907,36.04,14,16,4.3,EG,1685740910
372,singaraja,-8.112,115.0882,25.24,83,100,2.19,ID,1685740911
373,catumbela,-12.4314,13.5472,20.87,88,10,1.63,AO,1685740911
374,gowurdak,37.8124,66.0466,26.63,15,58,2.37,TM,1685740912
375,kolonia,50.9333,6.95,16.06,59,0,1.03,DE,1685740833
376,taman',45.2117,36.7161,18.7,78,0,2.3,RU,1685740912
377,nova vicosa,-17.8919,-39.3719,23.67,76,5,7.71,BR,1685740913
378,khash,28.2211,61.2158,25.06,29,53,2.02,IR,1685740913
379,balangiga,11.1097,125.3875,26.39,87,91,2.16,PH,1685740913
380,susuman,62.7833,148.1667,13.4,44,99,0.81,RU,1685740914
381,puerto armuelles,8.2833,-82.8667,27.99,67,92,2.24,PA,1685740792
382,gamba,-2.65,10.0,23.91,90,82,4.02,GA,1685740915
383,kishtwar,33.3167,75.7667,11.69,82,27,1.84,IN,1685740915
384,coruripe,-10.1256,-36.1756,24.86,87,35,3.3,BR,1685740915
385,port isabel,26.0734,-97.2086,31.13,67,0,6.69,US,1685740916
386,kasane,-17.8167,25.15,19.42,44,5,2.81,BW,1685740916
387,mammoth lakes,37.6485,-118.9721,20.4,12,0,6.69,US,1685740917
388,fereydun kenar,36.6864,52.5225,22.89,74,0,2.9,IR,1685740917
389,freetown,8.484,-13.2299,26.84,78,75,5.14,SL,1685740917
390,mgandu,-5.95,34.1333,19.39,59,64,3.74,TZ,1685740918
391,sao felix do xingu,-6.6447,-51.995,26.77,72,86,0.99,BR,1685740918
392,luanda,-8.8368,13.2343,23.0,60,75,4.63,AO,1685740833
393,amos,48.5669,-78.1162,26.77,23,0,4.36,CA,1685740919
394,rosarito,32.3333,-117.0333,23.15,62,0,5.92,MX,1685740919
395,changji,44.0167,87.3167,17.44,34,0,3.0,CN,1685740905
396,abou el hassan,36.4166,1.1962,21.69,63,100,2.44,DZ,1685740920
397,holualoa,19.6228,-155.9522,24.91,86,75,5.66,US,1685740921
398,rio grande,-32.035,-52.0986,18.06,86,7,4.56,BR,1685740921
399,awjilah,29.1081,21.2869,24.27,45,5,3.89,LY,1685740922
400,aleksandrovsk,59.158,57.5624,16.0,81,63,1.87,RU,1685740922
401,zaragoza,41.6561,-0.8773,23.34,46,20,3.6,ES,1685740922
402,katsuura,35.1333,140.3,21.01,95,100,12.63,JP,1685740923
403,kudahuvadhoo,2.6708,72.8944,28.01,74,100,8.19,MV,1685740753
404,rakops,-21.0167,24.3333,21.67,22,0,2.4,BW,1685740924
405,nogliki,51.8333,143.1667,3.14,95,100,2.96,RU,1685740924
406,saint john,45.2727,-66.0677,15.0,76,100,8.23,CA,1685740323
407,mae tha,18.4646,99.1403,25.33,80,76,0.72,TH,1685740925
408,bereznik,62.8551,42.7072,7.28,56,72,1.91,RU,1685740925
409,mount pearl,47.5166,-52.7813,7.26,97,100,5.14,CA,1685740926
410,weno,7.4515,151.8468,28.58,73,100,4.48,FM,1685740926
411,arkhangel'sk,64.5401,40.5433,4.66,70,75,1.21,RU,1685740926
412,fukuecho,32.6881,128.8419,20.57,84,5,6.19,JP,1685740927
413,thunder bay,48.4001,-89.3168,24.99,53,40,4.12,CA,1685740927
414,bodaybo,57.8506,114.1933,8.96,89,3,0.17,RU,1685740928
415,praia da vitoria,38.7333,-27.0667,17.14,94,75,6.19,PT,1685740928
416,yulinshi,38.2906,109.7494,17.22,36,99,1.48,CN,1685740929
417,ishigaki,24.3448,124.1572,23.07,94,98,0.51,JP,1685740929
418,baiyin,36.5583,104.2081,13.94,60,100,1.17,CN,1685740930
419,helena valley west central,46.6629,-112.0604,15.04,88,100,3.09,US,1685740930
420,klyuchi,52.2667,79.1667,18.43,47,9,1.16,RU,1685740931
421,gombi,10.1614,12.7399,25.11,69,93,1.63,NG,1685740931
422,loei,17.4167,101.5,20.75,80,93,1.58,TH,1685740932
423,incheon,37.45,126.4161,17.93,63,0,2.06,KR,1685740933
424,mugia,43.1041,-9.2179,18.84,84,9,3.76,ES,1685740933
425,saint-francois,46.4154,3.9054,17.04,63,0,1.54,FR,1685740933
426,ibshaway,29.358,30.6814,26.82,50,33,7.86,EG,1685740934
427,sittwe,20.15,92.9,28.23,76,97,2.44,MM,1685740934
428,kavieng,-2.5744,150.7967,27.31,78,100,2.8,PG,1685740935
429,conduaga,8.862,117.4893,26.62,80,79,1.59,PH,1685740935
430,rabo de peixe,37.8,-25.5833,18.73,77,40,5.66,PT,1685740935
431,mejit,10.2753,170.8646,26.77,83,100,6.34,MH,1685740936
432,tual,-5.6667,132.75,27.44,79,50,8.55,ID,1685740936
433,popondetta,-8.7537,148.2534,22.88,93,80,1.26,PG,1685740937
434,porbandar,21.6422,69.6093,28.3,87,12,5.37,IN,1685740937
435,dolores,-36.3132,-57.6792,17.26,91,100,2.9,AR,1685740767
436,isangel,-19.55,169.2667,25.06,83,75,1.03,VU,1685740938
437,mandalgovi,45.7625,106.2708,7.69,67,64,4.06,MN,1685740938
438,umluj,25.0213,37.2685,31.91,40,66,1.24,SA,1685740939
439,mermoz boabab,14.7065,-17.4758,24.31,83,0,8.23,SN,1685740939
440,salur,18.5333,83.2167,29.82,75,91,0.63,IN,1685740940
441,yoloten,37.2989,62.3597,27.25,16,0,3.8,TM,1685740940
442,meridian,43.6121,-116.3915,26.24,37,20,7.2,US,1685740941
443,magadan,59.5667,150.8,10.11,66,35,1.71,RU,1685740941
444,yemel'yanovo,56.1681,92.6767,21.45,46,40,4.0,RU,1685740942
445,namibe,-15.1961,12.1522,18.56,78,1,6.29,AO,1685740942
446,alice springs,-23.7,133.8833,7.75,61,0,0.0,AU,1685740943
447,delphos,40.8434,-84.3416,32.98,32,13,4.47,US,1685740718
448,xinyuan,37.3,99.0,5.9,89,100,2.22,CN,1685740944
449,launceston,-41.45,147.1667,8.42,92,100,3.6,AU,1685740944
450,tete,-16.1564,33.5867,20.05,64,0,2.06,MZ,1685740724
451,otradnaya,44.3933,41.5206,13.93,92,8,0.99,RU,1685740945
452,port blair,11.6667,92.75,27.92,77,100,7.05,IN,1685740945
453,rawai,7.7797,98.3253,30.55,99,94,5.84,TH,1685740946
454,aginskoye,51.1,114.53,7.91,70,48,2.42,RU,1685740947
455,ciudad constitucion,25.0369,-111.6644,27.93,28,90,7.57,MX,1685740947
456,sarina,-21.4333,149.2167,21.45,58,93,2.51,AU,1685740948
457,kontcha,7.9667,12.2333,24.06,85,72,2.26,CM,1685740948
458,camarinas,43.1311,-9.1817,18.85,84,9,3.49,ES,1685740948
459,novo aripuana,-5.1206,-60.3797,27.58,78,100,0.65,BR,1685740949
460,kampong thom,12.7111,104.8887,26.25,83,97,1.81,KH,1685740949
461,darzab,35.9774,65.3783,19.25,18,2,1.34,AF,1685740950
462,chachapoyas,-6.2317,-77.869,18.07,62,80,0.59,PE,1685740950
463,al kharijah,25.4514,30.5464,34.41,16,97,5.74,EG,1685740951
464,rudnyy,52.9594,63.1206,20.13,36,100,3.21,KZ,1685740951
465,itamaraca,-7.7478,-34.8256,26.03,74,92,4.44,BR,1685740951
466,timbuktu,16.7735,-3.0074,36.15,14,89,4.5,ML,1685740952
467,vernon,50.2581,-119.2691,29.86,23,1,1.54,CA,1685740461
468,conde,-7.2597,-34.9075,26.7,78,20,4.12,BR,1685740953
469,inirida,3.8653,-67.9239,26.74,86,99,0.95,CO,1685740953
470,mantua,45.1667,10.7833,23.34,76,39,2.17,IT,1685740954
471,kruisfontein,-34.0033,24.7314,15.92,41,45,3.77,ZA,1685740954
472,haiku-pauwela,20.9219,-156.3051,27.01,65,20,9.26,US,1685740955
473,poronaysk,49.2167,143.1167,6.25,88,100,2.03,RU,1685740955
474,laascaanood,8.4774,47.3597,25.55,63,82,5.6,SO,1685740956
475,kiruna,67.8557,20.2251,3.51,60,100,2.06,SE,1685740956
476,viljandi,58.3639,25.59,2.54,96,24,2.34,EE,1685740956
477,rice lake,45.5061,-91.7382,24.82,98,75,5.66,US,1685740671
478,margate,51.3813,1.3862,11.61,83,11,5.81,GB,1685740592
479,almeirim,-1.5233,-52.5817,27.88,71,99,0.29,BR,1685740957
480,yaren,-0.5472,166.916,29.09,75,99,5.98,NR,1685740958
481,petawawa,45.9001,-77.3328,28.21,52,100,2.44,CA,1685740958
482,nandaime,11.757,-86.0529,32.48,62,84,4.46,NI,1685740959
483,makhambet,47.6667,51.5833,22.0,50,6,1.08,KZ,1685740959
484,kapuskasing,49.4169,-82.4331,28.05,24,20,5.14,CA,1685740861
485,turkestan,43.3333,68.25,23.97,17,0,7.34,KZ,1685740960
486,baskale,38.0453,44.0172,9.06,69,34,2.03,TR,1685740960
487,fonte boa,-2.4959,-66.2662,28.35,80,87,0.29,BR,1685740961
488,jaciara,-15.9653,-54.9683,26.73,51,9,1.1,BR,1685740961
489,yarumal,6.9632,-75.4174,15.02,96,98,0.3,CO,1685740961
490,lamar,33.6668,-95.5836,30.99,48,0,4.63,US,1685740962
491,palmer,42.1584,-72.3287,27.78,69,75,1.54,US,1685740962
492,achinsk,56.2694,90.4993,16.48,78,100,3.54,RU,1685740963
493,abay,49.6311,72.8539,8.21,37,2,3.66,KZ,1685740963
494,chikodi,16.4333,74.6,24.54,75,47,4.94,IN,1685740963
495,windhoek,-22.5594,17.0832,14.12,43,5,1.03,NA,1685740964
496,alo,7.4178,6.7371,25.7,87,71,2.55,NG,1685740964
497,yuzhno-kurilsk,44.0306,145.8556,9.47,96,95,1.99,RU,1685740964
498,barclayville,4.6797,-8.2339,24.59,91,99,2.29,LR,1685740965
499,argo,37.6333,22.7333,18.21,72,100,0.75,GR,1685740966
500,mahe,11.7,75.5333,26.76,83,97,2.02,IN,1685740966
501,meulaboh,4.1363,96.1285,25.34,88,100,0.97,ID,1685740966
502,lamu,-2.2717,40.902,25.65,84,10,5.13,KE,1685740967
503,dunedin,-45.8742,170.5036,8.78,66,78,1.34,NZ,1685740967
504,mocimboa,-11.3167,40.35,23.22,87,6,2.75,MZ,1685740968
505,al bayda',32.7627,21.7551,14.78,84,0,1.82,LY,1685740968
506,nizhniy odes,63.6445,54.856,11.8,80,96,1.26,RU,1685740969
507,las tunas,20.9617,-76.9511,23.35,95,100,1.83,CU,1685740969
508,las palmas,28.4204,-14.0131,21.44,64,20,3.09,ES,1685740461
509,strelka,58.0728,93.0344,17.02,88,99,2.32,RU,1685740970
510,sandnessjoen,66.0217,12.6316,7.58,93,75,7.72,NO,1685740970
511,christchurch,-43.5333,172.6333,8.56,73,16,3.6,NZ,1685740503
512,myitkyina,25.3833,97.4,23.76,94,64,0.49,MM,1685740684
513,pisco,-13.7,-76.2167,22.03,73,0,4.12,PE,1685740971
514,ailuk,10.2197,169.9797,27.47,82,99,5.97,MH,1685740877
515,grand-bassam,5.2118,-3.7388,24.98,87,100,4.2,CI,1685740972
516,mana,5.6592,-53.7767,26.58,84,65,2.69,GF,1685740972
517,colorado,-22.8375,-51.9731,17.71,74,0,2.72,BR,1685740787
518,salgado,-11.0319,-37.475,24.39,97,42,1.68,BR,1685740835
519,thurso,58.5927,-3.5259,10.14,83,3,0.2,GB,1685740974
520,san andres,12.5847,-81.7006,30.01,79,40,2.57,CO,1685740586
521,touros,-5.1989,-35.4608,26.47,75,7,6.37,BR,1685740974
522,thal,35.4791,72.2439,10.45,65,4,2.52,PK,1685740975
523,aldan,58.6031,125.3894,10.01,70,91,0.71,RU,1685740975
524,taseyevo,57.2169,94.8978,17.4,75,100,3.89,RU,1685740976
525,punta cana,18.5818,-68.4043,29.87,74,40,7.2,DO,1685740606
526,fort valley,32.5538,-83.8874,30.97,49,40,4.63,US,1685740977
527,warrnambool,-38.3833,142.4833,10.73,93,100,1.38,AU,1685740967
528,merced,37.1666,-120.7516,30.19,37,0,3.15,US,1685740537
529,hede,33.7681,120.2517,17.46,82,31,1.45,CN,1685740978
530,betio village,1.358,172.9211,31.02,75,15,6.7,KI,1685740978
531,nuku'alofa,-21.1333,-175.2,23.19,73,75,3.6,TO,1685740979
532,kaura namoda,12.5898,6.5779,28.47,60,100,7.22,NG,1685740979
533,impfondo,1.6381,18.0667,24.01,80,99,0.64,CG,1685740980
534,vikasnagar,30.4683,77.775,22.83,51,0,2.78,IN,1685740757
535,argostolion,38.1811,20.489,20.12,75,6,1.36,GR,1685740980
536,ponta delgada,37.7333,-25.6667,19.4,77,40,5.66,PT,1685740981
537,selenice,40.5306,19.6358,19.11,82,100,0.49,AL,1685740981
538,gulu,2.7746,32.299,19.49,79,63,1.11,UG,1685740982
539,kayakent,42.3874,47.903,18.19,81,99,2.08,RU,1685740982
540,findlay,41.0442,-83.6499,32.97,30,0,5.66,US,1685740920
541,karratha,-20.7377,116.8463,19.37,38,0,3.13,AU,1685740983
542,bulanik,39.0929,42.2703,12.57,68,7,1.39,TR,1685740984
543,yeppoon,-23.1333,150.7333,17.88,88,92,3.71,AU,1685740984
544,princeville,45.7668,-61.2985,15.3,80,75,4.12,CA,1685740985
545,brak,27.5496,14.2714,30.91,19,0,4.44,LY,1685740985
546,forio,40.7342,13.8646,21.16,85,24,0.45,IT,1685740985
547,benjamin constant,-4.3831,-70.0311,29.07,78,40,2.06,BR,1685740986
548,naberera,-4.2,36.9333,14.88,97,20,3.22,TZ,1685740987
549,puerto madryn,-42.7692,-65.0385,15.24,30,65,3.2,AR,1685740987
550,pacific grove,36.6177,-121.9166,21.56,75,40,6.17,US,1685740988
551,shiqian,27.5225,108.2281,22.28,97,100,1.42,CN,1685740988
552,pedernales,18.0384,-71.744,28.41,78,99,4.09,DO,1685740989
553,togur,58.3631,82.8265,17.9,71,97,2.18,RU,1685740989
554,susel,54.0667,10.7167,10.62,74,10,2.09,DE,1685740989
555,melo,-32.3667,-54.1833,17.88,81,11,3.32,UY,1685740990
556,ghormach,35.7306,63.7826,24.09,14,9,0.9,AF,1685740990
557,shimoda,34.6667,138.95,20.06,98,100,4.11,JP,1685740991
558,sao gabriel da cachoeira,-0.1303,-67.0892,25.89,78,40,2.57,BR,1685740991
559,qarauyl,48.9451,79.255,12.78,73,0,1.98,KZ,1685740992
560,arteche,12.2645,125.4048,25.95,89,100,1.7,PH,1685740992
561,selfoss,63.9331,-20.9971,12.25,78,90,4.05,IS,1685740992
562,jerome,42.7241,-114.5186,23.71,33,0,4.63,US,1685740993
563,luchegorsk,46.4764,134.2569,11.36,78,100,0.75,RU,1685740993
564,los fresnos,26.0717,-97.4764,31.99,65,0,6.69,US,1685740994
565,broome,42.2506,-75.833,32.23,36,24,2.24,US,1685740994
566,magong,23.5654,119.5863,26.74,88,98,3.25,TW,1685740994
567,sumbe,-11.2061,13.8437,21.74,89,53,3.45,AO,1685740995
568,galliano,29.4422,-90.2992,31.67,48,0,3.09,US,1685740995
569,santa rosalia,27.3167,-112.2833,25.5,45,0,2.92,MX,1685740996
570,phongsali,21.6833,102.1058,16.42,99,90,0.35,LA,1685740996
571,oujda-angad,34.6805,-1.9076,15.35,88,75,3.6,MA,1685740997
572,longido,-2.7333,36.6833,18.49,82,82,4.58,TZ,1685740997
